{
    "AdvancedColumnSpacing": [[0, 0], [0, 102, 0], [0, 0, 0, 0], [0, 0, 136, 0, 0], [0, 0, 0, 0, 0, 0], [0, 0, 0, 0, 0, 0, 0], [0, 0, 0, 0, 0, 0, 0, 0], [0, 0, 0, 0, 0, 0, 0, 0, 0]],
    "AnimationFrameTime": 16.7,
    "ColumnLightColors": [[0, 2, 0], [0, 1, 1, 0], [0, 1, 2, 1, 0], [0, 1, 0, 0, 1, 0], [0, 0, 0, 0, 0, 0, 0], [0, 1, 1, 0, 0, 1, 1, 0], [0, 1, 0, 1, 2, 1, 0, 1, 0], [0, 1, 2, 1, 0, 0, 1, 2, 1, 0]],
    "ColumnLightDuration": 100,
    "ColumnLightOffset": 1.3333333,
    "ColumnSpacing": 300,
    "ColumnWidth": 135,
    "DroppedHoldColor": [255, 150, 150, 150],
    "EnableColumnLight": true,
    "EnableStageTextures": true,
    "FillColumnGaps": false,
    "FlipHoldTail": true,
    "HoldExplosionSettings": {
        "AnimationFrameTime": 20,
        "Colors": "Note",
        "Duration": 300,
        "ExpandAmount": 0.15,
        "Offset": 0,
        "ReleaseUseBuiltInAnimation": true,
        "Scale": 0.020408163,
        "UseReleaseExplosion": false
    },
    "HoldNoteTrim": 1.5,
    "JudgementLineOffset": -0.51,
    "JudgementLineScale": 0.37037036,
    "KeymodeSpecificColumnWidth": [150, 141, 150, 150, 150, 150, 150, 150],
    "LinearSampling": true,
    "NoteColors": {
        "Colors": [[0, 1, 2, 3, 4, 5, 6, 7, 8, 9], [0, 1, 2, 3, 4, 5, 6, 7, 8, 9], [0, 1, 1, 3, 4, 5, 6, 7, 8, 9], [0, 1, 2, 3, 4, 5, 6, 7, 8, 9], [0, 1, 0, 3, 4, 0, 6, 7, 8, 9], [0, 1, 0, 2, 0, 1, 0, 0, 0, 0], [0, 1, 2, 3, 4, 5, 6, 7, 8, 9], [0, 1, 2, 3, 4, 5, 6, 7, 8, 9], [0, 1, 2, 3, 4, 5, 6, 7, 8, 9]],
        "Style": "Column",
        "UseGlobalColors": false
    },
    "NoteExplosionSettings": {
        "AnimationFrameTime": 20,
        "Colors": "Note",
        "Duration": 300,
        "ExpandAmount": 0.15,
        "Offset": 0,
        "Scale": 0.020408163,
        "UseBuiltInAnimation": false
    },
    "NotesUnderReceptors": true,
    "PlayfieldAlignment": [0.5, 0.5],
    "PlayfieldColor": [255, 0, 0, 0],
    "ReceptorColors": [[0, 2, 0], [0, 1, 1, 0], [0, 1, 2, 1, 0], [0, 1, 0, 0, 1, 0], [0, 0, 0, 0, 0, 0, 0], [0, 1, 1, 0, 0, 1, 1, 0], [0, 1, 0, 1, 2, 1, 0, 1, 0], [0, 1, 2, 1, 0, 0, 1, 2, 1, 0]],
    "ReceptorOffset": 1.1697917,
    "ReceptorStyle": "Keys",
    "Rotations": [[90, 0, 270], [90, 0, 180, 270], [45, 135, 0, 225, 315], [90, 135, 0, 180, 225, 270], [135, 90, 45, 0, 315, 270, 225], [90, 0, 180, 270, 90, 0, 180, 270], [0, 0, 0, 0, 0, 0, 0, 0, 0], [45, 135, 0, 225, 315, 45, 135, 0, 225, 315]],
    "UseAdvancedColumnSpacing": true,
    "UseExplosions": true,
    "UseHoldTailTexture": true,
    "UseJudgementLine": true,
    "UseKeymodeSpecificColumnWidth": false,
    "UseReceptors": true,
    "UseRotation": false
}